{"s3_bucket": "\"sagemaker-ap-southeast-2-019676274883\"", "rl.training.stop.training_iteration": "2", "rl.training.checkpoint_freq": "2", "sagemaker_submit_directory": "\"s3://sagemaker-ap-southeast-2-019676274883/rl-solarcar-2021-02-13-02-10-28-665/source/sourcedir.tar.gz\"", "sagemaker_program": "\"solarcar_train.py\"", "sagemaker_container_log_level": "20", "sagemaker_job_name": "\"rl-solarcar-2021-02-13-02-10-28-665\"", "sagemaker_region": "\"ap-southeast-2\"", "sagemaker_s3_output": "\"s3://sagemaker-ap-southeast-2-019676274883/\"", "sagemaker_estimator": "\"RLEstimator\""}